name.firstName,name.lastName,age,address.line1,address.line2,address.city,address.state,gender
John,Doe,28,123 Elm St,,Springfield,IL,Male
Jane,Smith,34,456 Oak St,Apt 2B,Greenfield,MA,Female
Michael,Johnson,40,789 Pine St,,Riverside,CA,Male
Emily,Williams,22,101 Maple St,Unit 5A,Newark,NJ,Female
David,Jones,31,234 Cedar St,,Boulder,CO,Male
Sophia,Brown,27,567 Birch St,Apt 7C,Tucson,AZ,Female
Daniel,Miller,45,890 Aspen St,,Orlando,FL,Male
Olivia,Davis,29,321 Cherry St,Apt 1D,Columbus,OH,Female
Matthew,Garcia,36,654 Spruce St,,Madison,WI,Male
Ava,Martinez,24,987 Willow St,Apt 3E,Charlotte,NC,Female
James,Wilson,33,147 Palm St,,Austin,TX,Male
Mia,Anderson,26,258 Maple Ave,Apt 4F,Portland,OR,Female
Christopher,Thomas,39,369 Oak Ave,,Nashville,TN,Male
Isabella,Moore,25,741 Pine Ave,Apt 6G,Seattle,WA,Female
Joshua,Jackson,42,852 Elm Ave,,Boston,MA,Male
Amelia,White,30,963 Birch Ave,Apt 2H,Denver,CO,Female
Ethan,Harris,37,174 Cedar Ave,,San Diego,CA,Male
Charlotte,Martin,23,285 Aspen Ave,Apt 5I,Miami,FL,Female
Andrew,Thompson,38,396 Palm Ave,,Las Vegas,NV,Male
Grace,Martinez,32,507 Maple St,Apt 7J,Kansas City,MO,Female
Joseph,Robinson,44,618 Cherry St,,Minneapolis,MN,Male
Ella,Clark,21,729 Oak St,Apt 8K,San Francisco,CA,Female
Benjamin,Rodriguez,35,840 Pine St,,Detroit,MI,Male
Lily,Lewis,28,951 Birch St,Apt 3L,Philadelphia,PA,Female
Samuel,Lee,41,123 Cedar St,,Indianapolis,IN,Male
Hannah,Walker,29,456 Elm St,Apt 2M,San Jose,CA,Female
Alexander,Hall,33,789 Maple St,,Phoenix,AZ,Male
Chloe,Young,27,101 Oak St,Unit 5N,Memphis,TN,Female
Lucas,King,40,234 Birch St,,Louisville,KY,Male
Scarlett,Scott,26,567 Cedar St,Apt 7O,Oklahoma City,OK,Female
Henry,Green,38,890 Cherry St,,El Paso,TX,Male
Aria,Adams,24,321 Spruce St,Apt 1P,Fort Worth,TX,Female
Jackson,Baker,39,654 Willow St,,Baltimore,MD,Male
Sofia,Gonzalez,31,987 Pine St,Apt 3Q,Milwaukee,WI,Female
Sebastian,Nelson,44,147 Oak St,,Albuquerque,NM,Male
Harper,Carter,28,258 Elm Ave,Apt 4R,Tucson,AZ,Female
Jack,Mitchell,34,369 Cedar Ave,,Fresno,CA,Male
Avery,Rogers,22,741 Maple Ave,Apt 6S,Sacramento,CA,Female
Liam,Campbell,36,852 Birch Ave,,Mesa,AZ,Male
Ella,Parker,23,963 Pine Ave,Apt 2T,Atlanta,GA,Female
Gabriel,Evans,37,174 Oak Ave,,Kansas City,KS,Male
Abigail,Edwards,32,285 Elm St,Apt 5U,Omaha,NE,Female
Mason,Collins,29,396 Cedar St,,Miami,FL,Male
Sophie,Stewart,25,507 Maple St,Apt 7V,Minneapolis,MN,Female
Logan,Morris,42,618 Spruce St,,New Orleans,LA,Male
Zoe,Murphy,30,729 Willow St,Apt 8W,Wichita,KS,Female
Caleb,Bell,33,840 Pine St,,Cleveland,OH,Male
Emily,Cooper,27,951 Oak St,Apt 3X,Tampa,FL,Female
Aiden,Richardson,40,123 Elm Ave,,Bakersfield,CA,Male
Mila,James,21,456 Birch Ave,Apt 2Y,Aurora,CO,Female
Owen,Bennett,38,789 Maple Ave,,Anaheim,CA,Male
Layla,Griffin,24,101 Cedar St,Unit 5Z,Honolulu,HI,Female
Oliver,Howard,35,234 Cherry St,,Lexington,KY,Male
Hannah,Ross,29,567 Spruce St,Apt 7A,Corpus Christi,TX,Female
Jacob,Foster,41,890 Willow St,,Riverside,CA,Male
Madison,Butler,30,321 Pine St,Apt 1B,St. Louis,MO,Female
Elijah,Barnes,37,654 Oak St,,Pittsburgh,PA,Male
Aubrey,Fisher,22,987 Elm St,Apt 3C,Cincinnati,OH,Female
William,Henderson,31,147 Birch St,,Anchorage,AK,Male
Evelyn,Hamilton,28,258 Maple Ave,Apt 4D,Plano,TX,Female
James,Jordan,44,369 Cedar Ave,,Orlando,FL,Male
Aria,Reed,26,741 Cherry Ave,Apt 6E,Lincoln,NE,Female
David,Ramirez,39,852 Spruce Ave,,Durham,NC,Male
Penelope,Brooks,25,963 Willow Ave,Apt 2F,Chandler,AZ,Female
Daniel,Griffin,38,174 Pine Ave,,Chula Vista,CA,Male
Camila,Hayes,21,285 Oak St,Apt 5G,Toledo,OH,Female
Benjamin,Hughes,36,396 Elm St,,Madison,WI,Male
Grace,Price,29,507 Cedar St,Apt 7H,Glendale,AZ,Female
Henry,Myers,40,618 Cherry St,,Reno,NV,Male
Lily,Wood,27,729 Spruce St,Apt 8I,Scottsdale,AZ,Female
Luke,Lee,41,840 Willow St,,Baton Rouge,LA,Male
Mia,Cox,23,951 Pine St,Apt 3J,Hialeah,FL,Female
Jackson,Kim,37,123 Oak Ave,,Irvine,CA,Male
Sophia,Long,24,456 Elm Ave,Apt 2K,Garland,TX,Female
Matthew,Peterson,39,789 Birch Ave,,Norfolk,VA,Male
Isabella,Anderson,30,101 Maple Ave,Unit 5L,Lubbock,TX,Female
Logan,Perez,33,234 Cedar Ave,,Laredo,TX,Male
Chloe,Stewart,26,567 Cherry St,Apt 7M,Laredo,TX,Female
Ethan,Carter,36,890 Spruce St,,Birmingham,AL,Male
Layla,Collins,22,321 Willow St,Apt 1N,Anchorage,AK,Female
Noah,Edwards,35,654 Pine St,,Madison,WI,Male
Aria,Griffin,29,987 Oak St,Apt 3O,Chandler,AZ,Female
Alexander,Butler,42,147 Elm St,,Fresno,CA,Male
Mila,Fisher,25,258 Birch St,Apt 4P,Scottsdale,AZ,Female
Lucas,Henderson,38,369 Maple St,,Aurora,CO,Male
Sophie,Hamilton,21,741 Cedar Ave,Unit 6Q,Hialeah,FL,Female
Jack,Jordan,44,852 Cherry Ave,,Toledo,OH,Male
Zoe,Reed,23,963 Spruce Ave,Apt 2R,Lexington,KY,Female
Mason,Ramirez,37,174 Willow Ave,,Corpus Christi,TX,Male
Aubrey,Brooks,26,285 Pine Ave,Apt 5S,Riverside,CA,Female
Oliver,Griffin,39,396 Oak Ave,,Pittsburgh,PA,Male
Emily,Hayes,30,507 Elm St,Apt 7T,Anchorage,AK,Female
Caleb,Hughes,33,618 Birch St,,Glendale,AZ,Male
Hannah,Price,24,729 Maple Ave,Apt 8U,Lincoln,NE,Female
Aiden,Myers,36,840 Cedar Ave,,Chula Vista,CA,Male
Madison,Wood,28,951 Cherry St,Apt 3V,Bakersfield,
